{
  "project_info": {
    "project_number": "676553534476",
    "project_id": "myphone-otp-308c8",
    "storage_bucket": "myphone-otp-308c8.appspot.com"
  },
  "client": [
    {
      "client_info": {
        "mobilesdk_app_id": "1:676553534476:android:36d7a6fc6cde5aa97a5229",
        "android_client_info": {
          "package_name": "com.example.ira_app"
        }
      },
      "oauth_client": [
        {
          "client_id": "676553534476-sbfb0tgs62vmfleur6csr4uhb7uabung.apps.googleusercontent.com",
          "client_type": 1,
          "android_info": {
            "package_name": "com.example.ira_app",
            "certificate_hash": "53b3dea873be04a8e1a9e792df9b8239b18f5bde"
          }
        },
        {
          "client_id": "676553534476-t842nl253e3l7tmrh22g5t13u9gcft3e.apps.googleusercontent.com",
          "client_type": 3
        }
      ],
      "api_key": [
        {
          "current_key": "AIzaSyCC1rY4KKMZbEyGCbYPnBTZthknu4kUtOI"
        }
      ],
      "services": {
        "appinvite_service": {
          "other_platform_oauth_client": [
            {
              "client_id": "676553534476-t842nl253e3l7tmrh22g5t13u9gcft3e.apps.googleusercontent.com",
              "client_type": 3
            }
          ]
        }
      }
    }
  ],
  "configuration_version": "1"
}